2020-01-15	FI	RomaniPaolo	Lei ha detto, in uno dei cinque punti della sua informativa, no all'opzione militare. Le dico francamente che se non ci assumiamo delle responsabilità non solo non saremo protagonisti di tavoli di pace, di pacificazione e di stabilizzazione, ma non verremo nemmeno invitati ai tavoli. No all'opzione militare vuol dire contraddire anche la politica di questo Paese: abbiamo combattuto in Afghanistan, abbiamo - ed è stato un errore madornale - bombardato la Libia, abbiamo partecipato attivamente a una guerra nei Balcani, imponendo la pace. Nella grammatica della diplomazia internazionale, ci sono missioni di peacekeeping e ci sono missioni di peace enforcing e quindi la scelta non è sempre no all'opzione militare, questo vuol dire poi lasciare campo libero a quelli che invece a diversi tipi di azioni ed opzioni militari si attivano e sono nelle condizioni di farlo; come è stato dimostrato in Libia e come è stato dimostrato in Siria. Lei ha parlato prima di controllo dell'embargo, ebbene EUNAVFOR Med prevede, in alcuni punti, che si possa intervenire militarmente addirittura sulle coste libiche e quando lei dovrà preoccuparsi di garantire l'embargo delle armi in Libia - cosa che oggi non viene garantita - dovrà attivare un'opzione che non so se lei definirà militare, ma che comunque è un'opzione diversa rispetto a un tavolo di pace. Le dico allora, Ministro, che abbiamo fatto delle pessime figure, in questa settimana. L'Italia è esclusa dai tavoli che contano. Lei si vanta tanto di andare alle ore 14 di domenica prossima a Berlino, ma la Conferenza di Berlino è un atto formale, nel cui ambito sarà ratificato l'accordo di Mosca, che è stato preceduto dall'accordo di Istanbul e dove gli unici protagonisti che sono rimasti sul terreno si chiamano Turchia e Russia. Il sovrainvestimento che avete fatto e che state facendo sulle organizzazioni internazionali non porta da nessuna parte. Rivendicate per il nostro Paese, che rappresentate, quello che non avete fatto fino ad oggi, attivando anche una serie di opzioni che obbligano ovviamente quel Governo ad assumersi le uniche responsabilità che gli consentono poi di partecipare fattivamente alle soluzioni e ai tavoli di pace.
2020-01-15	FI	RomaniPaolo	Ma la riproposizione in Libia della cosiddetta pax siriana è confortata dal fatto che, da un lato, al-Sarraj è appoggiato dalla Turchia e dal Qatar con uomini, milizie (comprese le milizie che hanno combattuto in Siria) e danari; l'altra parte, quella di Haftar, è appoggiata dagli Emirati, dall'Egitto e dalla Russia. Questo ha trasformato la Libia - per quello che dicevo prima - nel nuovo fronte di scontro fra i due schieramenti in lotta per la leadership del mondo sunnita: da un lato, Turchia e Qatar che appoggiano il Governo dell'ormai logorato organismo internazionale e, dall'altro, Emirati, Egitto e Arabia Saudita. Quindi un confronto non più solo politico e militare, ma anche religioso. La frammentazione dell'Islam sunnita si polarizza in questo caso fra coloro che ritengono la Fratellanza musulmana la più pura espressione dell'Islam politico, e il gruppo di Paesi, fra cui Egitto, Arabia Saudita ed Emirati, come dicevo prima, che la ritengono invece espressione di un pericoloso gruppo di terroristi, che hanno come unico intento quello di distruggere gli Stati nazionali arabi per restituire, come si dice volgarmente, il potere agli ottomani. Questo è il motivo di fondo per cui Haftar non ha voluto firmare l'Accordo- diktat di Mosca: perché i suoi referenti non sono solamente le tribù della Cirenaica, ma si chiamano Mohammed Bin Zayed, Mohammed Bin Salman, al-Sisi. Queste persone, che sono i Presidenti dei rispettivi Paesi, pretendono che nell'Africa araba del Nord non ci sia più un'isola collegata con Fratellanza musulmana
2020-01-15	FdI	RautiIsabella	(ore 12,57) ( Segue RAUTI). Sarebbe stata utile un'audizione con il Ministro degli affari esteri presso le Commissioni esteri di Camera e Senato in seduta congiunta. Ieri sera abbiamo anche partecipato al tavolo di Palazzo Chigi con il presidente del Consiglio Conte e abbiamo adesso ascoltato lei in Aula, mentre non avremo il question time con il Presidente previsto per giovedì. Tutto il quadro, quindi, potrebbe e dovrebbe - sia pure nella sua complessità inevitabile - apparire chiaro e invece chiarezza non c'è e non c'è su questioni nevralgiche. L'Italia si è mossa - verrebbe da dire, piuttosto, che si è agitata - interloquendo, è vero, con le diplomazie internazionali, secondo una linea che il Presidente ieri sera ha definito di coerenza, ma quello che non appare è la consistenza di questa linea, la concretezza, quella che gli antichi definivano l' ubi consistam. In particolare, voglio riferirmi alla crisi dello scenario libico, dove una protratta assenza europea ed italiana che naturalmente - lo ammettiamo - vi precede, unita ad un ripiegamento americano, ha consentito che nuovi attori divenissero protagonisti nell'area e se una volta c'era il ruolo fondamentale riconosciuto alle tribù ora abbiamo anche - permettetemi l'espressione - uno zar e un sultano, che nella tutela dei loro rispettivi e molto diversi interessi geopolitici ed economici, sono diventati player fondamentali e praticamente esclusivi. Questo è il punto. Nel frattempo, le interlocuzioni italiane con al-Sarraj e con Haftar si sono svolte - come è a tutti noto - in una cornice pasticciata e con qualche inciampo - diciamo così - di cerimoniale e di diplomazia. Anche se non ci sfugge e non sfugge a nessuno l'importanza della nostra partecipazione alla Conferenza di Berlino, che ci auguriamo vada meglio di quella di Palermo, prevista per domenica alle ore 14, cui parteciperà (lo sappiamo adesso) anche il segretario di stato americano Pompeo, quello che ci continua a sfuggire, però, è che cosa noi andremo a dire a Berlino. Qual è la posizione italiana rispetto ad alcune questioni centrali? Siccome è indubbio che l'obiettivo comune sia quello di arrivare alla Conferenza con una tregua siglata anche da Haftar, che invece ha chiesto tempo per sottoscriverla, oggi il cessate il fuoco è fragile e non ci appare niente affatto sostanziale, come lo ha definito il Presidente del Consiglio ieri sera e come ha detto anche lei in Assemblea; né siamo sinceramente convinti che potrebbe reggere, se non venisse sottoscritto anche dall'uomo forte della Cirenaica. Infatti, dietro al-Sarraj c'è la Turchia di Erdogan, che Haftar non vuole al tavolo; voglio anche richiamare l'attenzione sul fatto che Erdogan è l'imperialista (ricordiamo anche l'atteggiamento avuto con la Siria) che si pone come riferimento degli integralisti sunniti. Allora, se dietro al-Sarraj c'è la Turchia di Erdogan, dietro Haftar ci sono la Russia, ma anche l'Arabia Saudita, gli Emirati Arabi, l'Egitto. Insomma, una complessità estrema, che nelle relazioni non emerge nella sua interezza. In questo scenario fluido, la questione centrale che si impone è l'ipotesi di cui si sente parlare con insistenza dell'invio di una forza armata sopranazionale: una missione di interposizione, che possa monitorare e garantire il rispetto del cessate il fuoco. Non si sa se tale missione si verificherebbe con i caschi blu - quindi sotto l'egida delle Nazioni Unite - o in una forma diversa, come abbiamo letto e ascoltato praticamente ovunque; il che significa, con l'invio di un contingente europeo. In questo caso, la domanda sottesa (un'altra domanda) è quale Paese europeo ne dovrebbe avere la guida e il comando. La Francia, che in Libia ha sempre giocato la sua partita esclusiva ed egoista, senza entrare nel merito del conflitto del 2011 contro Gheddafi, e che oggi incalza per un contingente europeo? Oppure la guida potrebbe essere dell'Italia, per la sua storia e la sua vocazione, nonché per la posizione geopolitica che riveste nello scenario internazionale? Inoltre, non c'è chiarezza sulle nostre missioni militari presenti nell'area mediorientale e in Libia, a Misurata, in un momento in cui gli scenari sono radicalmente modificati. Ci è stato spiegato (ma è ovvio) che le misure di sicurezza sono state innalzate e sono state sospese le attività addestrative che i nostri contingenti portano avanti, ottimamente, da tempo, ma non conosciamo la postura operativa dei nostri contingenti, esposti a un rischio potenziale e ad effetti collaterali e quali siano le effettive condizioni di sicurezza in cui i nostri militari si trovano ad agire. Infatti, se gli scenari cambiano - e sono drammaticamente cambiati - anche le missioni devono cambiare, devono essere adeguatamente finanziate, in misura eccezionale e straordinaria; devono essere definite nuove e chiare regole di ingaggio. Tutto questo non emerge. Altro chiaroscuro, Ministro, riguarda le affermazioni che ho sentito sulla Libia unita, libera e sovrana e sull'importante integrità territoriale della Libia: sicuramente un bel concetto. Quindi la vostra posizione non è quella che prevede una soluzione anche a prezzo della spartizione e della divisione della Libia tra la Cirenaica e la Tripolitania (rammento che esiste anche il Fezzan, con la sua autonomia e anarchia), come hanno detto ieri il presidente Conte e il sottosegretario per la difesa Tofalo nei giorni scorsi, in un'ampia e articolata intervista? Non capisco le tre posizioni come possano essere ridotte ad unità e quale sia quella italiana. E allora l'altro aspetto: un ulteriore elemento importante, ma confuso, è la questione del blocco navale, proposta rimbalzata sulla stampa, alla quale mancano elementi di definizione e che non conosciamo, e lo andremo a dire a Berlino. Premesso che storicamente Fratelli d'Italia ha sempre invocato - e continua a farlo - la creazione di un blocco navale al largo delle coste libiche per fronteggiare le ondate migratorie clandestine, impedendo ai barconi della morte di partire; premesso che non ci avete mai ascoltato e avete sostenuto che era un'ipotesi irrealizzabile e un atto di guerra; oggi ci date ragione, ma non spiegate come intendereste realizzare tale blocco - o interdizione marittima, come l'avete anche chiamata in un'altra occasione - e come esso dovrebbe interessare soltanto il traffico delle armi che arrivano anche via terra e aerea; nonché come eventualmente l'operazione Sophia EUNAVFOR Med, senza una reale forza navale, potrebbe svolgere tale compito; e ancora, quali sono le nostre posizioni sulla no-fly zone e sulla messa in sicurezza degli impianti ENI di cui non si parla abbastanza. Volendo essere chiari, saltando alcuni passaggi e andando a concludere, con una posizione responsabile e non polemica, perché mettiamo sempre al primo posto l'Italia e l'unità nazionale, la politica estera, in un momento in cui pare che l'Europa abbia perso la sfida diplomatica, la politica estera del Governo ci appare inconsistente, basata su slogan e propaganda, su una sostanziale marginalità politica del nostro Paese, nell'ambito di un'assenza di strategia dell'Unione europea, incapace di parlare con una voce sola e chiara. Non appariamo centrali, come soggetto pacificatore, al di là del vostro storytelling; sembriamo accodati alla spartizione della Libia in atto fra Russia e Turchia e, soprattutto, non esercitiamo un ruolo centrale e fondamentale. Non siamo influenti, siamo inconsistenti e non basta dire che aspettiamo la Conferenza di Berlino con trionfalismo: in Libia non c'è soltanto un patrimonio energetico, ma attraverso di essa passa un vasto disegno politico e geopolitico in grado di condizionare il resto del mondo, la sicurezza nazionale, la lotta globale al terrorismo jihadista, l'Islam politico integralista e minaccioso e l'integralismo sunnita. Di fronte a tutta questa sfida scegliere di non scegliere è comunque una grave responsabilità, la peggiore.
2020-01-15	FdI	UrsoAdolfo	Signor Presidente, a noi di Fratelli d'Italia, che siamo una forza patriottica, non sono sfuggiti, né possono sfuggire quanto lei ha affermato in questa sede, cioè la necessità di trovare una posizione univoca, coesa e condivisa in politica estera della nostra Nazione, tantomeno ciò che ha fatto ieri sera il Presidente del Consiglio convocando un tavolo con le forze di opposizione per affrontare insieme la questione. Tuttavia, aggiungiamo con altrettanta franchezza che una posizione così significativa quale quella di cercare una convergenza nazionale in un momento di straordinaria importanza in cui sono messi a rischio i nostri principali interessi nazionali non può ridursi a una photo opportunity, come purtroppo sembra emergere anche dall'incontro di ieri così come da tante altre cose fatte in politica estera - e non solo - dai due Governi guidati dal presidente Conte. Non si può ridurre la politica estera a una girandola di incontri né a una girandola di photo opportunity, tantomeno si può subordinarla alle dichiarazioni di Casalino, che ha fretta di far apparire qualcosa che poi non accade: mi riferisco ad esempio all'incontro sfumato a Roma, in cui il presidente al-Sarraj preferì non partecipare dopo che era stata annunciata la sua presenza. In questo campo e soprattutto in questo momento, l'Italia è il Paese europeo ed occidentale che rischia di più in Libia, nel Mediterraneo orientale e nel Golfo persico. Rischia di più perché sono minacciate le rotte energetiche del nostro Paese: noi importiamo energia dalla Libia (il 12 per cento del petrolio, il 30 per cento del gas) e lungo il Golfo persico; potremmo importare energia dal Mediterraneo orientale e anche lungo le rotte dell'East-Med e della TAP, che passano da lì. Noi siamo un Paese importatore di energia, a differenza degli Stati Uniti - che oramai esportano energia - o della Russia o di altri Paesi europei: per noi è vitale mantenere quelle rotte di approvvigionamento energetico. Siamo il Paese che rischia di più perché siamo la frontiera meridionale dell'Europa anche per quanto riguarda i potenziali flussi di migrazione e, dietro di essi, i potenziali flussi terroristici. Ciò è tanto vero che - proprio per smentire quel no ad ogni opzione militare - i nostri militari sono impegnati su mandato del Governo e del Parlamento in tutti questi teatri strategici: sono impegnati ancora in Kosovo e nei Balcani - e non cito a caso i Balcani - dopo una guerra che abbiamo combattuto con altri per pacificare quest'area; sono impegnati a Misurata nell'ospedale e a Tripoli a difesa della nostra ambasciata; sono impegnati come forza di interposizione lungo la fascia verde sciita (non a caso sciita) dal Libano, lungo l'Iraq e il Kuwait fino all'Afghanistan, ad Herat, anch'essa regione dominata fortunatamente dagli sciiti che proteggono i nostri militari. Noi siamo impegnati, e quindi siamo interessati più di altri, a stabilizzare queste aree, tanto è vero che vi abbiamo mandato i nostri militari con le missioni finanziate e indirizzate dal Parlamento. C'è da chiedersi chi minaccia i nostri interessi; se non ce lo chiediamo, non possiamo poi avere una postura condivisa in Parlamento e nel Paese per tutelare i nostri interessi. In questo momento, signor Ministro, a me pare che la principale minaccia venga dalla Turchia, e questo non è ancora chiaro. Tanto è vero questo che la Turchia si sta impadronendo sia delle nostre rotte energetiche sia delle fonti da cui provengono o potrebbero provenire le migrazioni. La Turchia ha già nelle mani la fonte dell'emigrazione nei Balcani, ricatta l'Europa e l'Italia, e vorrebbe avere nelle mani anche l'altra frontiera dell'emigrazione, ossia la Libia e l'Africa. La Turchia è un Paese che ha bisogno di energia come noi, a differenza della Russia (che non ha questi obiettivi); la Turchia che ha bisogno della nostra energia, è entrata in Siria e da lì punta all'Iraq e ai pozzi petroliferi. La Turchia vuole giungere in Libia, a Tripoli, e quindi prendere anche i nostri pozzi petroliferi. La Turchia ha fatto un accordo talmente evidente con la Libia, per governare l'intero Mediterraneo orientale, tagliarci le rotte della TAP e, eventualmente, anche quelle del gasdotto che dovrebbe arrivare da Israele, attraverso Gaza e Cipro, fino all'Italia e all'Europa. E noi non abbiamo reagito con la sufficiente forza e chiarezza sin dall'inizio, quando ci fu un accordo tra un Governo di Tripoli, da noi sostenuto, e il Governo di Erdogan. Se noi non abbiamo chiare queste cose, non possiamo muoverci con sufficiente condivisione e con strategia condivisa. Certamente non possiamo se non abbiamo chiaro che la Francia, anche recentemente, ha sabotato prima la missione europea a Tripoli, che doveva indirizzarsi in subordine a Tunisi (sappiamo tutti chi l'ha sabotata), poi l'eventuale vertice europeo e poi anche il passaggio a Roma di al-Sarraj; se non abbiamo chiaro che - ancorché indebolita da alcuni errori commessi nel campo, che tutti noi conosciamo - la Francia è ancora in campo e contendente e se non abbiamo chiaro come interesse che in Libia, senza gli Stati Uniti, non andiamo da nessuna parte. Il Governo Conte aveva chiaro questo all'inizio, perché io ricordo la photo opportunity di inizio legislatura tra Conte e Trump, dove Conte, soddisfatto, diceva che l'America era con noi in Libia e potevamo stare tranquilli Stiamo tranquilli. Io ricordo quelle dichiarazioni, come ricordo il vertice di Palermo e la photo opportunity, che tanto Casalino voleva fare, con Haftar e al-Sarraj, pensando che una photo opportunity fosse sufficiente, e come ricordo le dichiarazioni quei giorni. In politica estera non sono sufficienti le foto, né le dichiarazioni, né il balletto o il valzer degli incontri: occorre avere chiari amici, nemici e gli interessi nazionali. In tutti i punti che lei ci ha enucleato, non c'è un primo punto, che noi potremmo anche condividere in buona parte, sia per l'Iran sia per la Libia. Non c'è, al primo punto, l'interesse nazionale, quello che io le ho enucleato in qualche minuto e che potrebbe benissimo ampliarsi con altre questioni: quali sono i nostri principali mercati? Noi eravamo il primo partner in Libano e in Siria, il secondo partner in Iran e il primo partner commerciale in Libia Questo vorrà dire qualcosa e si potrebbe aggiungere a tutto il resto. Il primo punto è allora capire quale sia l'interesse nazionale. Il secondo è quali sono i Paesi che hanno interessi confliggenti con noi: individuare, cioè, amici e avversari. Il terzo è muoversi secondo una strategia condivisa, non escludendo l'opzione militare condivisa con i nostri principali partner, tanto più con quelli europei. Per quanto riguarda la Libia, credo che alla fine sia qui il punto. Senza un'opzione militare condivisa, non si può pretendere di disinnescare il teatro libico, quando dietro vi sono attori internazionali e regionali di quella portata che, peraltro, tra loro hanno conflitti e interessi divergenti, al punto tale che se la Russia vuole fermare Haftar, l'Egitto non vuole assolutamente. Quando vi è questo contesto, solo un'azione militare condivisa in sede europea e, se possibile, internazionale, magari come estensione della missione Sophia (ma dovrebbe essere una missione navale, aerea e terrestre, possibilmente a guida italiana), può stabilizzare la situazione in Libia, cosa di cui noi abbiamo bisogno più di chiunque altro. Lì è in gioco, infatti, con l'interesse nazionale, anche il ruolo del nostro Paese nel mondo. Aver pregiudicato per ambiguità il sostegno americano: di questo è responsabile il primo e anche il secondo Governo Conte. Quando si è fatto l'accordo con la Cina si sapeva che avremmo perso il sostegno americano in Libia. Non è che viene dal caso tutto ciò. L'ambiguità e le contraddizioni di una politica estera ci hanno portato all'isolamento e quindi a questo stato di cose, che si può invertire solo se c'è davvero la consapevolezza di quale sia l'interesse nazionale, la posta in palio, di quali sono gli amici e gli avversari. Qui, sì, potete avere il nostro sostegno, perché è necessaria l'unità nazionale per recuperare il terreno perduto essendo in gioco il destino dell'Italia.
2020-01-15	LN	PellegriniEmanuele	Signor Ministro, vorrei partire da una premessa e dai punti su cui penso che il nostro Gruppo e tutto il Parlamento siano d'accordo con quanto ha riferito. In primo luogo, c'è la lotta al terrorismo, su cui penso non si possa assolutamente dire nulla. La lotta all'ISIS o a Daesh, che dir si voglia, dovrebbe essere un fondamento della nostra battaglia e credo che su questo dobbiamo essere d'accordo con lei, signor Ministro. C'è poi il sostegno alle nostre Forze armate all'estero, impegnate nelle missioni di peacekeeping. Anche su questo punto, come hanno già fatto altri colleghi, per conto di tutto il Gruppo credo di poter portare il nostro sostegno alle Forze armate, che portano avanti i nostri valori di civiltà e la nostra volontà di dare una mano alle popolazioni che sono più in difficoltà. Entrando nello specifico del suo discorso, signor Ministro, da un lato c'è la questione iraniana, in cui l'azione del presidente Trump, definita da troppi come avventata, sta portando alla luce aspetti interni al regime iraniano, che da troppi, spesso, sono stati dimenticati, oppure accantonati. È infatti indubbio che, nel rispetto delle decisioni interne di uno Stato sovrano, gli scontri che si stanno verificando in questi giorni nelle piazze, contenuti dalle Forze dell'ordine iraniane anche con la forza, sono i sintomi di un malessere sociale, che la maggior parte delle potenze internazionali, eccezion fatta per gli Stati Uniti e Israele, ha troppo spesso omesso di vedere e sottolineare. Sull'altro dei fronti che ci hanno portato al dibattito odierno, ovvero quello libico, assistiamo ad un balletto - ce ne rendiamo conto vedendo le note stampa e le varie notizie che arrivano - in cui però a condurre il passo sono Russia e Turchia. A corollario di questa danza, suonata a forza di battaglie militari e con il sangue dei civili sul territorio, ci sono poi i commensali, che sono invitati per non fare dispetto e che però sono del tutto silenti e di natura meramente decorativa. Sia sul fronte mediorientale che in quello libico abbiamo assistito, come Italia e come Europa, da meri spettatori, ma questo lei, signor Ministro, e tutto il Governo lo sapete bene ed è proprio per questo che ci viene oggi a raccontare che l'Italia ha avuto un ruolo di primo piano. Signor Ministro, lei ha riferito che l'Italia è stata parte fondamentale di tutta l'azione politica e diplomatica che ha portato al raggiungimento e alla confezione della Conferenza di Berlino, che tutti noi ci auguriamo vada a buon fine. Però questo ruolo di primo piano io non lo vedo e, purtroppo, non sono il solo. Abbiamo assistito a molteplici comunicati stampa e interviste volanti, in cui lei e il presidente Conte, in una versione forse ingombrante per lei, auspicate un ruolo più importante di quello che avete. Le vorrei richiamare alcune dichiarazioni apparse recentemente sul tema dello scacchiere internazionale e, in particolare, sul ruolo che ormai da decenni si richiede - o meglio, si auspica - per l'Europa. Sono troppe e non le posso citare tutte. Il problema è che il risultato di tutta questa azione (al di là delle parole e delle relazioni che, come ha detto anche il senatore Casini, sono belle, di ruolo e opportune) non è pervenuto: di "ciccia" - mi si consenta l'espressione - non c'è nulla. La battaglia energetica e di potere in atto oggi tra le maggiori potenze, prima di essere combattuta deve essere capita e compresa, ma per fare ciò, come immagino avrà avuto modo di intuire, a volte bisogna fare silenzio e approfondire il modo di agire senza dimenarsi. Il dimenarsi in politica estera troppo spesso provoca danni maggiori del silenzio stesso. Mi permetto di darle un suggerimento da mero rappresentante del popolo: i comunicati stampa e le dichiarazioni che rilasciava quando occupava la posizione di Ministro al Ministero dello sviluppo economico in politica estera non servono. Anzi, troppo spesso sono deleteri e non solo per lei, signor Ministro, ma anche per il nostro Paese e per tutto quello che riguarda il nostro aspetto. D'altro canto, ormai, la marginalità del nostro Paese nel panorama internazionale è evidente a tutti. Badi bene, a dirlo non siamo noi, ma la maggioranza degli osservatori esteri. Il tentativo di organizzare un tavolo, fuori tempo e senza le condizioni necessarie, da parte del presidente Conte ne è un segno evidente e ogni ulteriore dichiarazione fatta nel tentativo di minimizzare l'accaduto non fa altro che peggiorare la realtà. Insomma, la toppa è peggio del buco. Le suggerisco una cosa. Tra i vari temi che si discuteranno nella Conferenza di Berlino ve ne è uno che è stato già trattato al tavolo tra Russia e Turchia. Uno dei punti salienti dell'accordo dovrà essere quello di permettere il passaggio sicuro dei servizi di assistenza umanitaria. Ecco, per esempio: non ho sentito da parte sua alcun tipo di parola in merito all'assistenza umanitaria alle popolazioni in difficoltà. Credo che l'Italia, se non riesce a giocare un altro ruolo, almeno su questo dovrebbe impegnarsi.
2020-01-15	M5S	PetrocelliVitoRosario	L'altro elemento di novità è che il ruolo preponderante di Russia e Turchia - come è stato citato da diversi colleghi - si vede oggi affiancato da un elemento di protagonismo forte di Egitto ed Emirati. È notizia di oggi che molto probabilmente Haftar abbia lasciato Mosca senza firmare gli accordi sul cessate il fuoco, proprio su pressione di Egitto ed Emirati Arabi Uniti. Questo è il presente con cui dobbiamo ovviamente confrontarci. E se l'Italia, nel solco della lunga tradizione di politica estera e internazionale ha deciso - io ritengo giustamente - come hanno indicato il presidente Conte e il ministro Di Maio, di cercare nella maniera più assoluta la soluzione politica alla crisi in Libia, deve essere orgogliosa di aver fatto questa scelta e deve rivendicarla, proseguendo su questa posizione a partire dal primo giorno dopo la Conferenza di Berlino. Non è pensabile che ci si possa sedere a un tavolo con la pistola fumante, come stanno facendo, hanno fatto e faranno altri Paesi; non è pensabile che a parole si voglia sostenere il processo di dialogo, ma che nei fatti si proceda con la guerra civile in Libia.
2020-01-15	PD	AlfieriAlessandro	Penso che anche sul versante del nucleare, pur non essendo noi parte del gruppo E3, come ha ricordato, Ministro, serva comunque una nostra presenza e il fatto che Borrell, l'alto rappresentante, sia presente alle riunioni del gruppo E3 è una garanzia per l'Europa. Penso che l'Italia debba investire ancora dentro quella prospettiva. Tuttavia, è decisamente più complicato per noi muoverci in un teatro dove abbiamo sempre avuto un capitale politico da spendere e laddove il nostro alleato più forte, cioè gli Stati Uniti, ha deciso di arretrare e fare alcune scelte anche di riconfigurazione dei suoi assetti. Quei vuoti lasciati liberi dagli Stati Uniti sono stati inevitabilmente occupati dalla Russia soprattutto, ma anche dalla Turchia. Ciò interroga la diplomazia italiana, ma anche le scelte di questo Governo.
2020-01-15	PD	AlfieriAlessandro	Penso che gli assi di intervento delineati dal Ministro degli affari esteri siano corretti. Oggi il nostro compito è di lavorare e creare le condizioni perché ci sia un mantenimento perlomeno sostanziale del cessate il fuoco. C'è il pieno sostegno, in collaborazione con il suo collega Maas e con la cancelliera Merkel, al pieno successo della Conferenza di Berlino: siamo tutti impegnati, come partner europei, affinché abbia successo. Penso che sia anche opportuno investire sulla trilaterale tecnica con Russia e Turchia, che l'Italia abbia un ruolo lì dentro e che ci sia un canale di dialogo e di collocamento giornaliero, così come è opportuno il lavoro fatto sulla sponda sud del Mediterraneo per coinvolgere tutti gli attori della sponda sud: il ruolo dell'Algeria da questo punto di vista è sicuramente fondamentale. Ministro, mi permetto di aggiungere due punti, glieli segnalo. Non ho sentito parlare del coinvolgimento dei rappresentanti delle comunità locali e dei sindaci. Ricordo che ai tempi di Minniti si investì moltissimo su questo aspetto. Lo dico perché, dovendo seguire la via politico diplomatica e non potendo seguire l'opzione militare, penso che il ruolo dei sindaci delle comunità locali e dell'associazionismo libico, che c'è e che aveva dato vita a un forum di dialogo, sia utile per far passare il messaggio che investire sulla pace, sul cessate il fuoco e sulla Conferenza di Berlino può essere il modo per garantire l'autonomia e l'integrità territoriale del Paese. L'altro punto è il coinvolgimento degli Stati Uniti. Lo dico facendo una riflessione più ampia che investe tutti noi (e, Ministro, dobbiamo richiamare alla responsabilità anche tutti gli esponenti del Governo e i suoi collaboratori più vicini): mi riferisco all'Iraq e al ruolo che l'Italia può avere anche in una riconfigurazione della nostra presenza. Ebbene, quando si parla, come ha fatto oggi il ministro Guerini alle Commissioni congiunte, di un eventuale spostamento, da discutere anche in Parlamento, dalla willing coalition, la coalizione dei volenterosi, al perimetro NATO, non vuol dire che cambiamo il nostro lavoro e innalziamo la qualità del nostro intervento, ma lo cambiamo e investiamo di più sull'addestramento delle Forze di polizia e sulla stabilizzazione del Paese, mantenendo comunque un presidio per la lotta a Daesh. Quella riconfigurazione mette in protezione anche l'alleato americano, per cui simbolicamente ci deve essere un cambio di passo in Iraq, dopo quello che è successo. La nostra maggior presenza e il nostro maggior capitale politico e militare in quella regione può essere speso anche per chiedere un upgrading dell'impegno degli Stati Uniti sul dossier libico, che penso e pensiamo sia fondamentale, per garantire non solo il cessate fuoco, ma anche la possibilità di far partire davvero una missione internazionale a guida europea. Penso si debba provare ad investire su un impegno delle Nazioni Unite, perché se passa dal Consiglio di sicurezza è più facile che Russia, Stati Uniti e Cina, i principali attori internazionali, poi non si sfilino davanti ad un impegno gravoso, come quello di investire in un teatro come quello libico. Apprezzo quindi le linee di indirizzo del Ministro degli affari esteri e penso che, da questo punto di vista, bisogna investire perché ci sia un successo alla Conferenza di Berlino.
2020-01-15	PD	AlfieriAlessandro	Vengo all'altra strada in salita: giustamente - e lo condivido - abbiamo scelto di non seguire l'opzione militare. Diciamolo perché poi, nella faciloneria della ricostruzione mediatica e di alcuni attacchi dell'opposizione, si dice che ormai se ne occupano Turchia e Russia. Noi abbiamo fatto una scelta coerente con la nostra Costituzione: no all'opzione militare e alla vendita delle armi quando un Paese è in guerra e ha una conflittualità crescente al suo interno; sì all'invio di militari laddove c'è il mantenimento del cessate il fuoco e c'è la costruzione di un consenso necessario. Da questo punto di vista, penso sia corretto il lavoro che si sta facendo. Dobbiamo investire di più dal punto di vista politico-diplomatico.
2020-01-15	PD	PinottiRoberta	Ho considerato un errore, durante il cosiddetto Governo gialloverde, avere incentrato l'attenzione sulla Libia quasi esclusivamente in relazione alla questione migratoria. Certo, esiste anche questa preoccupazione (la Libia è proprio di fronte alle nostre coste), ma non va dimenticato - lei non lo ha fatto nel suo speech, Ministro - il rischio terrorismo. Dopo la nascita del califfato si sono propagate in Libia, in particolare a Sirte e a Derna, importanti focolai del Daesh. I libici hanno combattuto duramente e valorosamente contro questi focolai, ci sono stati moltissimi morti e feriti e proprio a seguito di questo è nata la missione italiana volta a impiantare un ospedale militare a Misurata, perché le condizioni di sicurezza portavano a ritenere che dovessero essere appunto i militari a gestire questa esigenza, che però era l'esigenza di curare dei feriti che avevano combattuto contro il terrorismo. Come poi ognuno di noi sa, poi, la Libia è importante per l'Italia anche per questioni energetiche. Dibattendo sulla situazione della Libia - lo abbiamo sentito anche oggi nel dibattito parlamentare - abbiamo ascoltato vibranti critiche sull'intervento militare del 2011, che si concluse con l'eliminazione di Gheddafi, spesso dimenticandoci però, nella rievocazione, che comunque in quel momento Gheddafi stava agendo in modo molto crudele nei confronti della propria popolazione. Anche io, tuttavia, ho indubbiamente da porre critiche a quell'intervento, in particolare sull'accelerazione impressa dalla Francia di Sarkozy, cui poi ha fatto seguito la missione internazionale. Infatti, anche in Libia, come successe in Iraq con la guerra voluta dal presidente Bush, in cui poi è stato eliminato Saddam Hussein, vi fu un elemento particolarmente devastante, e che accomuna questi due interventi, cioè un uso della forza, dell'intervento militare, portato avanti senza una strategia per il dopo; basta parlare con i nostri militari per sapere che invece è fondamentale, soprattutto quando si decide l'uso della forza, sapere qual è l'obiettivo e come gestire il dopo. Da quella data la Libia ha vissuto una condizione di instabilità e di mancanza di prospettive e certo questo è un problema per l'Italia. La politica estera è un patrimonio di un Paese, l'ho sentito anche nelle parole di alcuni colleghi dell'opposizione, e quindi oggi rischia di risultare davvero risibile fare il gioco del con chi l'Italia conta di più o con chi conta meno. La politica estera necessita di affidabilità, di coerenza, di continuità. Noi italiani siamo stati i primi a riaprire l'ambasciata a Tripoli dopo il momento più cruento della situazione libica, siamo stati gli unici, con un accordo, ad avere una missione militare (l'ospedale che citavo prima). Abbiamo poi sottoscritto con il presidente riconosciuto al-Sarraj un accordo che poi è diventata la base per un intervento europeo (ma contemporaneamente avevamo aperto un'interlocuzione con Haftar, ma anche con gli esponenti del Fezzan e con i sindaci delle municipalità). C'era stata un'azione, quindi, e devo dire che questa azione la vedo ritornare nell'attuale Governo. Mi pare invece che nel Governo precedente su tutti i principali dossier ci fosse stato un rallentamento. Quindi, quando sento parte dell'opposizione - in particolare quella che prima era maggioranza - lamentare che oggi non contiamo nulla, mi pare riduttivo e francamente anche ridicolo. Riappropriamoci di un caposaldo positivo della storia parlamentare italiana: la continuità in politica estera, per interesse del Paese. E allora che fare oggi? Concordo con le linee guida che ha presentato qui il Ministro. Certo, lavoriamo tutti per il cessate il fuoco e ci auguriamo che riesca. Hanno assunto maggiore protagonismo Russia e Turchia? Non c'è dubbio. Questo è un bene? Dal nostro punto di vista, non credo. Ascrivere però all'Italia - o solo ad essa - questa situazione è miope: c'è stato un disimpegno degli Stati Uniti nell'area, in particolare durante l'amministrazione Trump, e questa lacuna avrebbe dovuto essere colmata da un maggior protagonismo dell'Europa. Mi è piaciuta l'espressione di sovranismo europeo che ha citato oggi il collega Casini, ma diciamoci la verità: non aver fatto da tempo scelte che rendano forte la politica estera di difesa europea fa sì che debbano essere gli Stati a far parlare l'Europa, perché senza le loro decisioni essa non può agire, e non c'è dubbio che sulla Libia gli Stati europei non abbiano remato tutti nella stessa direzione. Senza un'intesa reale tra Italia e Francia, la voce europea sulla Libia è cacofonica. La Conferenza di Berlino può essere un'occasione importantissima per rimediare anche ad errori del passato.
2020-01-29	M5S	LupoGiulia	Si deve parlare con tutti - questo è certo - ma tenendo conto di alcune variabili. Quindi, va bene parlare con Air France, che potrebbe essere vista come lo sbocco naturale, seppure - lasciatemi dire - in passato ci abbia rubato più di qualche passeggero verso il suo hub. Ad ogni modo, si potrebbe dire che Air France, anche per i tentativi passati, potrebbe essere il socio naturale. La principale sfida, però, paradossalmente non è di Alitalia, ma di Air France: lo può fare davvero? Lufthansa potrebbe essere il completamento del mercato: Alitalia ha un controllo del mercato di lungo raggio da Bologna in giù, Lufthansa da Bologna in su. L'unione delle due significherebbe dar vita al primo vero vettore italiano, il primo gruppo europeo, il terzo al mondo, portando Alitalia dentro un mercato globale. L'integrazione con Lufthansa ovviamente richiederebbe tempo: si parlerebbe, infatti, di un cambio di cultura aziendale, di procedure, di sistemi commerciali e operativi nuovi. In questa ipotesi dovrà essere chiaro che Alitalia andrà non ridimensionata, bensì dimensionata per crescere e recuperare quelle fette di mercato perdute in passato a causa di soci furbi e incapacità varie. Con British Airways, sarebbe uno sparigliamento e sarebbe anche alquanto difficile, visto che fa parte di un gruppo che ha già avviato un grossissimo consolidamento nell'Ovest dell'Europa. Quindi quale visione per il futuro di Alitalia? Il nuovo posizionamento di Alitalia, in questa visione di consolidamento, dovrebbe focalizzarsi finalmente sulle attività di lungo raggio rivedendo i collegamenti da e per Nord e Sud America e Africa, riservando collegamenti mirati verso l'Asia (Giappone, Corea e Cina). In tal caso, potrebbe anche retrocedere una piccola parte di breve raggio, ma tramite accordi di partnership selettivi. Così facendo, potrebbe riposizionare la restante flotta su tratte di medio raggio dove sussistono accordi bilaterali (Nord Africa, Russia, Medio Oriente). È fuor di dubbio che la flotta vada assolutamente razionalizzata. Nel lungo periodo si dovrà tendere a un'unica tipologia di aeromobile - sono d'accordo con il senatore Mallegni - perché ciò riduce nettamente i costi. Vanno riviste le tariffe dei biglietti nazionali a favore dei passeggeri, anche attraverso degli incentivi, quelle che si danno alle altre compagnie; dirigenze pagate, però per veri risultati, utili e non ricavi.
2020-02-05	FI	QuagliarielloGaetano	C'è un libro che dovrebbe essere fatto leggere a tutti gli studenti: «Prigioniera di Stalin e Hitler» della Buber Neumann. È una donna che ha conosciuto i lager e i gulag e ha descritto le atrocità vissute in un universo concentrazionario e nell'altro. E allora, se i viaggi della memoria devono essere incentivati, dovrebbero essere viaggi attraverso il Novecento e far conoscere tutte le tragedie di quel secolo, perché si può andare ad Auschwitz, ma si può proseguire e arrivare a Katyn e in Bielorussia e far conoscere quelle che sono state le tragedie dei lager e quelle che sono state le tragedie dei gulag.
2020-04-09	PD	ZandaLuigi	Il nodo però più serio e più difficile da sciogliere è senza dubbio l'Europa. Abbiamo seguito le tensioni sugli eurobond e le difficoltà dell'Eurogruppo. Abbiamo presente il dibattito aspro sull'utilizzo del fondo salva Stati. Sono battaglie che l'Italia sta combattendo dalla parte giusta, ma sarebbe un errore non apprezzare le misure che l'Europa ha deciso di attivare per sostenere i Paesi più colpiti dalla crisi. Sono state sospese le regole sul deficit, sul debito e sugli aiuti di Stato. È stato rimosso l'obbligo di cofinanziamento per i fondi strutturali ed è stata decisa la rinuncia al rimborso dei fondi non ancora spesi; è stato deliberato uno stanziamento voluto dal commissario Gentiloni Silveri a favore dei lavoratori e, senza le risorse messe in campo dalla BCE, il grande sforzo finanziario dell'Italia non sarebbe possibile. Solo poche settimane fa, se qualcuno avesse ipotizzato che l'Europa avrebbe preso queste misure, gli avremmo dato del pazzo. Eppure, nonostante tutto ciò, la diffidenza sul ruolo stesso dell'Europa non diminuisce; una diffidenza che travalica il giudizio positivo o negativo sulle misure adottate e quasi una paura che l'Europa non riesca a superare la crisi senza gravi danni irreversibili. Il disagio e il disincanto sono così forti che stanno facendo breccia persino nell'animo di molti convinti europeisti. Tanti anni di spirito fiacco, la rimozione dell'ideale di Europa, l'emergere di tanti nazionalismi hanno prodotto un danno così profondo da poter essere considerati una concausa della Brexit. Il cancelliere Schröder ha detto che l'Europa è una comunità di destini e ha ragione. Quale Paese può pensare di affrontare da solo problemi come le pandemie, i cambiamenti climatici, l'energia, la fame, le migrazioni? È proprio l'enormità dei problemi e delle speranze a rendere comune - come dice Schröder - il destino di tutti i Paesi d'Europa. Eppure, mai come ora, è apparso chiaro che la pandemia ha confermato che c'è una doppia Europa; in una, assieme ad altri importanti Paesi, ci siamo noi, con la nostra posizione europeista e con il pesante fardello del nostro debito pubblico; nell'altra parte, ci sono Paesi i cui leader, emblematicamente rappresentati da Viktor Orbán, vedono l'unità europea come un mero paravento dietro al quale si può manovrare con molto cinismo per gli obiettivi nazionali. L'amarezza di tanti cittadini europei nasce dall'evidenza di questa realtà e ha quindi natura politica; nasce dalla constatazione che c'è un pezzo di Europa, quella dei falchi del Nord e di quei nazionalismi che tanto piacciono ad alcuni Paesi e a partiti di casa nostra, che continua a lavorare per i propri interessi, incurante di dividere e logorare l'Unione, quasi volesse portarla a un collasso, non solo politico, ma anche economico e sociale. La logica politica e il senso di queste posizioni estreme dobbiamo cercarli nel contesto geopolitico mondiale, perché né la Russia di Putin, né l'America di Trump hanno finora mostrato di gradire un'Europa forte e unita. La politica dei dazi, l'affievolimento dei vincoli della NATO, la trasformazione del Mediterraneo in un mare russo-turco sono solo alcuni degli indizi di un piano inclinato che, lasciato a se stesso, è destinato a cambiare gli equilibri mondiali e a spostare zone di influenza. Nella lotta al Covid-19 non sono in gioco solo la generosità e la solidarietà dell'Unione europea nei confronti dei Paesi più colpiti dalla pandemia. Stiamo parlando non dei sentimenti umanitari dell'Europa, ma della sua intelligenza politica, della sua lungimiranza e della sua capacità di comprendere ciò che sta accadendo nel mondo. Il punto è che sono in ballo i destini dell'Europa per i prossimi decenni, se avrà un peso nello scacchiere internazionale o se tutti noi, compresa la forte Germania, siamo destinati a essere delle semplici comparse nel grande gioco delle superpotenze continentali. Se non vogliamo che la ripresa sia effimera, l'Italia ponga all'Europa il tema dell'urgenza di passi concreti verso la sua unione politica. E lo deve fare con la forza di chi sa che il tempo è scaduto, consapevole del fatto che dal 1954, quando la Francia bocciò il programma di un esercito europeo, l'Europa avanza zoppa e nell'illusione che un'unione solo economica possa darle prosperità e pace, senza accorgersi che la nostra è una ricchezza fittizia e che la nostra pace è in mano ad altri. Pochi giorni fa qui in Senato il ministro Speranza ha ricordato che nel 1978 è stato istituito il Servizio sanitario nazionale. In molti hanno riconosciuto il grande valore sociale di quella riforma e sostenuto che il Servizio vada ancor più valorizzato. La riforma del Servizio sanitario non è nata però per caso: è figlia di un tempo, dagli anni Sessanta agli anni Settanta del secolo scorso quando, nonostante un terrorismo sanguinario, le forze politiche seppero mostrare una visione lucida del futuro dell'Italia mettendo in atto una forza riformista di straordinaria lungimiranza. In quegli anni non si vide nascere solo il Servizio sanitario nazionale; ci furono anche la nazionalizzazione dell'energia elettrica, la legge quadro sull'urbanistica, le leggi di riforma dell'università, la scuola media obbligatoria, lo Statuto dei lavoratori, la nascita delle Regioni, la legge di attuazione del referendum, la legge per l'avvio della Corte costituzionale, la legge sull'obiezione di coscienza, quelle sul divorzio e sull'aborto. Il Servizio sanitario nazionale è nato in una grande stagione di riforme guidata da uomini politici che non si curavano della loro immagine, ma avevano una visione larga delle cose e grandi idee riformiste; coltivavano una prospettiva e un progetto a lungo termine; sapevano scegliere e avevano una determinazione ferrea nel dovere di fare. Dentro quella visione e quel progetto sono nate riforme e grandi leggi che ancora oggi costituiscono assi portanti della legislazione italiana. È la memoria di quella stagione, assieme al bisogno di un orizzonte chiaro, che mi spinge a chiedere al Presidente del Consiglio - sono certo che il Sottosegretario presente in Aula glielo riferirà - di trovare il tempo per venire in Senato e aprire un dibattito sul suo progetto per l'Italia e sulla visione alla quale ispirare le scelte di fondo e le decisioni quotidiane. In un passaggio così difficile nella storia dell'Italia, il Parlamento ha un bisogno assoluto di cultura e di cultura politica ed è compito del Presidente del Consiglio riempire questo vuoto. (
2020-04-16	FI	CaligiuriFulviaMichela	Ancora, pensiamo sia necessario - l'ha accennato anche lei - una campagna di comunicazione massiccia sul consumare italiano ed evitare assolutamente, signor Ministro, le fake news. Abbiamo purtroppo sentito, di recente, che quasi quasi il problema della pandemia era dato dalle nostre aziende zootecniche, che producevano qualcosa che faceva male. Questo non possiamo ammetterlo: facciamo una comunicazione seria su quanto sia importante consumare italiano. È quindi ora più che mai necessario sensibilizzare gli stakeholder, la GDO in primis, sul consumare prodotti made in Italy, con giuste politiche di prezzo alla vendita. D'altra parte, dovremo affrontare il problema del pericolo della dipendenza da Paesi quali Stati Uniti e Russia relativamente alle forniture delle materie prime, le cosiddette commodities, necessarie per la produzione di gran parte dei prodotti della nostra dieta mediterranea e ingredienti fondamentali per le razioni alimentari dei nostri allevamenti. Perché non pensare adesso, signor Ministro, a un piano strategico di investimenti nel Sud Italia per la produzione di queste materie prime, in modo da rispondere a due esigenze centrali? Mi riferisco all'esigenza di renderci autonomi da quei Paesi che, per diversi motivi, potrebbero bloccare le forniture e a quella di incentivare lo sviluppo delle aree del Mezzogiorno più vocate per il clima, magari supportate dagli ultimi sviluppi biotecnologici su varietà particolari. La disponibilità del Gruppo di Forza Italia c'è stata e continua a esserci, visto che, in momenti drammatici come quello che stiamo vivendo, la responsabilità politica e sociale questo impone. D'altro canto, per collaborare servono entrambe le parti in causa. Se le proposte delle opposizioni sono coerenti e rispondono a necessità pubbliche, non capiamo perché non debbano essere prese in considerazione. Per molte delle criticità evidenziate, signor Ministro, c'è ancora tempo per correggere. Dateci una mano a darvi una mano; non continuiamo a dare per scontato ciò che scontato non è. Il cibo non arriva sulle nostre tavole per magia e lei sa benissimo che il produttore agricolo e l'allevatore sono la parte più debole della catena. Eisenhower diceva che l'agricoltura sembra molto semplice quando il tuo aratro è una matita e sei a un migliaio di miglia dal campo di grano; facciamo in modo di avvicinarci a quei campi e diamo al mondo agricolo gli strumenti giusti per contribuire a una vittoria tutta italiana.
2020-06-09	LN	ArrigoniPaolo	). La maggior parte dei Paesi extra-UE (Cina, India, Russia e altri) non ha in previsione riduzioni di CO₂ con obiettivi vincolanti. Dunque, visto che la competitività è globale, pensiamoci bene prima di stressare ancora le nostre imprese con ulteriori obiettivi, visto che hanno già un forte gap di costi non solo rispetto a Paesi UE, ma soprattutto nei confronti di Paesi terzi. (
2020-06-17	M5S	FerraraGianluca	Concludo dicendo che questa nostra onestà intellettuale vi fa impazzire, allora ci tacciate di essere vicini al Venezuela, alla Cina, alla Russia. No, noi siamo vicini solo al popolo italiano e dovreste esserlo pure voi. Le nostre posizioni politiche sono cristalline. Noi non lavoriamo con il favore delle tenebre, vergognatevi ancora una volta per le vostre accuse ridicole e infamanti.
2020-07-07	PD	AlfieriAlessandro	Lo stesso possiamo fare in Libia e nel Mediterraneo centrale, un contesto cambiato e molto più delicato rispetto al passato. Si affermano nuove potenze, anzi potenze regionali già forti che giocano le loro partite nel Mediterraneo centrale e in Libia: mi riferisco alla Russia e alla Turchia, che si sono inventati un nuovo modello di cooperazione competitiva o di competizione cooperativa, chiamiamolo come vogliamo. La Turchia e la Russia intervengono con armi, iniziative e dispositivi che noi non siamo disposti a mettere in campo. Decidono di mandare i soldati da una parte e dall'altra. Decidono per l'opzione bellica. Noi non siamo d'accordo sull'opzione bellica. Noi non mandiamo droni. Noi non mandiamo armi. Noi mandiamo i nostri uomini a fare la pace, a garantire che sulla lotta al terrorismo ci sono; a garantire che sulla gestione dei flussi migratori ci sono; a garantire spazio per le organizzazioni internazionali, che per la prima volta sono potute entrare in Libia: UNHCR e OIM hanno potuto lavorare lì perché l'ha permesso il Governo italiano.
2020-07-21	FI	AimiEnrico	I dati sono evidenti e sotto gli occhi di tutti, ad esempio l'Italia - ricordiamocelo - non ha autosufficienza alimentare: a noi mancano 2,3 milioni di tonnellate di grano tenero. Ricordo a me stesso, ma anche all'Assemblea o a chi ci ascolta, che durante il periodo del lockdown ci siamo trovati in una situazione di emergenza e di crisi perché avevamo scorte alimentari di questo prodotto solamente per circa un mese e sono state immesse sul mercato tutte le farine italiane. In Italia - dobbiamo dirlo - abbiamo un grano straordinario come qualità, dal punto di vista dei controlli, perché passa attraverso dei momenti di valutazione che sono attenti, soprattutto la scienza si dedica a questa questione. Non avendo questa autosufficienza, dobbiamo quindi importare grano e i nostri importatori principali sono gli Stati Uniti d'America e il Canada, i porti privilegiati sono quelli della Puglia. Come dicevo, io non ho tutte le certezze che ho sentito invece in quest'Aula, perché è un tema complesso, difficile, è un tema che investe la scienza, ma che deve guardare con grande attenzione anche al primato della politica; io sono un sostenitore del primato della politica e quindi della decisione che ognuno di noi deve saper assumere in momenti delicati e difficili, anche quando si esprime un voto su questioni che possono apparire marginali, ma che tali non sono. Ho apprezzato - e lo voglio dire con grande serenità - l'intervento della senatrice Cattaneo, che mi è sembrato estremamente equilibrato, anche perché ha fatto una distinzione fondamentale, cioè quella tra il rischio e il pericolo. In Italia ci troviamo realmente in una situazione di rischio? Io credo che, tutto sommato, per i controlli che vengono realizzati possiamo essere sostanzialmente tranquilli. Parlavo di dati: sapete tutti che il glifosato è un diserbante usato primariamente per la coltivazione del grano tenero e del mais; se ne consumano circa 800 tonnellate al mondo; c'è un indotto di circa 5 miliardi di euro e c'è un consumo annuo particolare in Italia, perché ogni cittadino italiano - non guardate chi vi parla perché supera le statistiche - consuma circa 26 chilogrammi di pasta. Quando siamo andati a vedere i dati - visto che poi bisogna guardare e confrontarci anche con i dati reali - ci siamo resi conto che i sei marchi di pasta prodotti in Italia sono in assoluto i più sicuri e mi riferisco al dato di raffronto che dovremmo avere, quello di dieci milligrammi per ogni chilogrammo di peso corporeo personale; si dovrebbero cioè moltiplicare dieci milligrammi di glifosato per ogni chilo del proprio peso e così vedere qual è il minimo accettabile. Allora, facendo questa valutazione, che è una semplice operazione matematica, vediamo che la presenza del metabolita AMPA (acido aminometilfosfonico) nella pasta Barilla è di 0,301 milligrammi per chilogrammo, nella Garofalo è di 0,286 milligrammi, nella Divella di 0,249 milligrammi, nella Rummo di 0,137 milligrammi, nella Molisana 0,086 milligrammi e nella De Cecco 0,083 milligrammi. Sono quindi ampiamente sotto i limiti massimi e non è che lo dica io o un partito politico, perché questi dati arrivano dall'Agenzia per la sicurezza alimentare che ha sede a Parma. Credo quindi che possiamo essere sostanzialmente tranquilli anche perché, facendo un calcolo molto semplice, una moltiplicazione del peso di un uomo medio - ripeto di non guardare chi vi parla -, per arrivare alla dose velenosa, pericolosa, dovremmo ingerire giornalmente dai 100 ai 600 chilogrammi di pasta. Questo è il dato vero. Abbiamo un'eccellenza alimentare: io non capisco come mai ci si metta a fare i monaci stiliti, appollaiati sulla colonna di ideologie che secondo me dovrebbero essere superate. Certamente noi non abbiamo - lo ripeto - tutte le certezze, ma credo di poter dire che siamo comunque ampiamente al sicuro. C'è qualcuno che, invece, ha riferito che c'è una situazione genotossica, ma non ne abbiamo alcuna evidenza scientifica. Vi è un altro dato estremamente importante, che riguarda la produzione del grano. In Italia la produzione va da 3 (minimo) a 3,5 milioni di tonnellate ogni anno ed è ampiamente insufficiente perché, come dicevo, mancano circa 2,3 di milioni di tonnellate, quasi la metà. Sapete quanto produce la Francia? La Francia produce quasi dieci volte quello che produciamo noi: 37 milioni di tonnellate. Il maggior produttore è la Cina, con 130 milioni di tonnellate, seguito dall'India con 95 milioni di tonnellate, dalla Russia con 82 milioni di tonnellate e, dagli Stati Uniti con 47 milioni di tonnellate. Ci troviamo quindi in una situazione di estrema difficoltà. L'Italia, se vuole risolvere anche il problema del glifosato, qualora avesse qualche dubbio, dovrebbe avviare una nuova battaglia del grano: dovremmo riappoderare i nostri terreni e coltivarli in quella prospettiva e in quella direzione. Lo vogliamo fare? Abbiamo preso altre direzioni, al contrario: abbiamo inseguito l'energia pulita, quella verde. Mi riferisco al fotovoltaico, che ha sostituito nei campi molte coltivazioni; abbiamo preferito mettere il fotovoltaico, che ha prodotto poco, rispetto all'appoderamento e alla coltivazione di alimenti estremamente importanti, dimenticandoci che in fondo l'agricoltura è realmente il settore primario ed è quello che noi dovremmo difendere. Io che - lo ripeto - non ho tutte queste certezze, valuterò con attenzione ogni mozione che è stata presentata. Con molta serenità vi dico che il nostro grano è caratterizzato da una sicurezza alimentare davvero straordinaria. Quando il grano proveniente dagli Stati Uniti o dal Canada arriva sulle nostre coste, arriva in Puglia, ci sono controlli estremamente severi. Queste sono le ragioni per le quali, al momento del voto, l'Assemblea dovrebbe valutare con intelligenza punto per punto le mozioni che sono state presentate.
2020-07-28	M5S	PisaniGiuseppe	È vero, comunque, che il trend epidemiologico in Italia oggi appare piuttosto rassicurante e questo grazie ai corretti e adeguati provvedimenti adottati dal Governo, motivo per cui al momento non vi sono particolari criticità. Ciò tuttavia non deve assolutamente indurci ad abbassare la guardia e non vuol dire che questo Coronavirus sia stato debellato e che sia un lontano nemico, tutt'altro; esso è sempre presente e vicino e lo dimostrano i tanti focolai che si registrano anche oggi in molte Regioni italiane. Il virus sta ancora circolando e ciò si può paragonare alla situazione di un incendio che è stato domato, ma che non è ancora del tutto spento perché, come fuoco sotto la cenere, nuovi cluster continuano a emergere, interessando prevalentemente oggi individui più giovani rispetto a quelli colpiti nei mesi precedenti, così come anche nuovi cluster si costituiscono per via dei cosiddetti casi di importazione, i quali ultimi necessitano di un'ancora più stringente e costante attività di controllo e prevenzione da parte delle istituzioni, con particolare riguardo al fenomeno migratorio. Quanto accade in altre parti del mondo mostra che il virus è ovunque ancora presente e che, se non viene tempestivamente arginato, l'infezione rischia di crescere e accelerare. Basti pensare alla drammatica situazione di alcuni Paesi del Sud America, come il Brasile, con oltre un milione di casi o, ancora, ai 4,4 milioni di individui contagiati negli Stati Uniti o al milione e mezzo di infetti in India. Proprio la difficoltà di tenere sotto controllo la pandemia ha portato all'esclusione degli Stati Uniti, oltre che della Russia e del Brasile, dalla lista dei Paesi i cui cittadini potranno rientrare nell'Unione europea a partire dal 1° luglio, cioè da quando sono state riaperte le frontiere esterne alla stessa UE. Hans Kluge, direttore regionale per l'Europa dell'Organizzazione mondiale della sanità, ha espresso la sua preoccupazione: «la scorsa settimana in Europa si è registrato un aumento dei casi settimanali di Covid-19 per la prima volta da mesi». In particolare in 11 Paesi, ha dichiarato: «la trasmissione accelerata ha portato ad una ripresa molto significativa che, se non controllata, spingerebbe di nuovo i sistemi sanitari sull'orlo della crisi». In una nota alla stampa Kluge ha avvertito che dobbiamo prepararci all'autunno, quando Covid-19 potrebbe incontrare anche l'influenza stagionale, polmoniti e altre malattie, perché alla fine il virus circola ancora attivamente nelle nostre comunità e non esiste ancora alcun trattamento o vaccino efficace. Non dobbiamo farci trovare impreparati qualora il contagio dovesse risalire la curva nel prossimo autunno. La prudenza, il rispetto delle norme di igienizzazione e di distanza fisica, l'uso della mascherina sono da mantenere anche negli spazi aperti ed occorrerà ancora più prudenza al termine dell'estate, quando diminuiranno le occasioni per stare all'esterno ed aumenteranno le possibilità di vicinanza e di contatto fisico. Cautela, prudenza, rispetto delle norme per la tutela della nostra salute e della nostra vita devono essere le parole d'ordine. È anche ciò che dobbiamo a chi ha sacrificato la propria vita per proteggere quella degli altri, al personale medico e sanitario soprattutto, ma anche a tutti quei lavoratori e professionisti che si sono adoperati perché potessimo continuare ad usufruire dei beni di prima necessità durante il periodo del lockdown. Il fatto che in Paesi diversi ma con condizioni climatiche e di vita sociale molto simili al nostro come la Spagna e il Portogallo, il virus abbia rapidamente ripreso a circolare in queste ultime settimane, deve farci riflettere sulla facilità con la quale potremmo trovarci nuovamente in una condizione di emergenza, con la conseguente necessità di assumere tempestive ed adeguate decisioni. È indubbio che bisogna rafforzare il patto di collaborazione tra Governo e Parlamento, come lei giustamente sta facendo signor Presidente del Consiglio dei ministri, ma è anche altrettanto vero che bisogna fornire al Governo gli strumenti per prendere tempestivi ed appropriati provvedimenti nelle circostanze di una possibile e non escludibile ripresa dell'epidemia. Riteniamo giusto e doveroso sostenere un Governo che pone al centro delle proprie decisioni la tutela della vita e della salute dei cittadini. Questa linea di comportamento è ciò che ha permesso di salvare migliaia di vite umane ed è su questa linea del Governo che riteniamo giusto continuare.
2020-07-30	PD	MirabelliFranco	Si chiamino i 49 milioni (dove sono?), si parli dei fondi dalla Russia, si parli dei camici, si parli dei paradisi fiscali. Non se la può cavare; nessuno se la può cavare con la teoria del complotto. Bisogna rispettare i cittadini. Le gravissime cose che emergono dalle intercettazioni di Palamara vanno certamente perseguite. Servono riforme e le stiamo facendo; ma nessuno può usarle per delegittimare la magistratura o, meglio, per difendere se stesso. I magistrati che fanno le indagini che non piacciono, sono sempre loro quelli che vengono messi in croce. E non può neanche usarle per non rispondere mai a ciò che riguarda lei, senatore Salvini, o il suo partito. Io credo, senatore Salvini, che lei debba davvero qualcosa agli italiani. Lei non dovrebbe offendere, come ha fatto ancora oggi, perché lei ha offeso dei senatori della Repubblica in quest'Aula, trattandoli con disprezzo e con dispregio.
2020-10-13	PD	ZandaLuigi	Nei minuti che mi sono concessi, farò solo qualche considerazione di ordine politico. In particolare, voglio mettere in rilievo il rapporto che connette il vistoso arretramento degli equilibri ambientali del pianeta con l'Africa e con la Brexit e che si può sintetizzare così: il loro contributo alla destabilizzazione del mondo è molto rilevante, tanto da mettere a rischio persino il bene più prezioso che abbiamo, la pace. La stabilità politica, economica e sociale è la migliore garanzia della pace, mentre l'instabilità aumenta le tensioni internazionali e alla fine può portare alla guerra, come sta accadendo tra azeri e armeni per il Nagorno-Karabakh, con dietro l'ombra della Russia e della Turchia. Oppure come potrebbe accadere nel mar Egeo, a due passi dall'Italia, a seguito delle tensioni tra la Turchia (sempre la Turchia) e la Grecia.
2020-10-14	FI	PichettoFratinGilberto	Pertanto, dobbiamo valutare tutto questo nell'ottica del prossimo triennio e il Governo dovrà valutare anche gli effetti di sostituzione, ossia quanto dei 100 miliardi di euro di scostamento precedente intendiamo sostituire con i nuovi meccanismi. Su questa proiezione avremo gli spazi del SURE e del recovery fund, che hanno anche un'implicanza politica notevole. Infatti, è specificamente indicato che una parte dei fondi del recovery fund venga utilizzata per interventi sui giovani e a favore del settore dell'infanzia (5 per cento del programma Reset-EU). Da parte dell'Unione europea ci sono una serie di indicatori di politica economica che - ahimè - in questo momento la Nota di aggiornamento del Documento di economia e finanza, onorevole Vice Ministro, non dico non enfatizza ma in alcuni casi non cita, se non in modo molto marginale e discorsivo. Rendiamoci conto che ci sono temi accennati, o comunque sviluppati, che però hanno la natura del manifesto. Onorevoli colleghi, con questo NADEF siamo più che mai di fronte al libro della speranza e lo dico non in senso ironico. Parlo di libro della speranza perché, a oggi, non sappiamo quando passerà la pandemia, quando ne usciremo (non noi Italia, con una visione provinciale, ma noi mondo) e quale sarà l'effetto Brexit. Che effetto avrà la Brexit sulle nostre economie? Che percentuale muoverà sul nostro prodotto interno lordo, sulle nostre esportazioni e sulle nostre movimentazioni di persone? Che tipo di accordo si concluderà tra la signora Merkel e i Paesi frugali? Permettetemi di aggiungere un'altra considerazione: che effetto avrà sul nostro Paese il risultato delle elezioni che si terranno negli Stati Uniti il prossimo 3 novembre a seconda che vinca l'uno o l'altro dei due contendenti? Potrà avere un grande effetto, considerato il modello della politica di Trump e il modello di politica annunciato in campagna elettorale da Biden. Tutto questo con un'influenza sul Mediterraneo, che è il nostro mercato di approvvigionamento e definizione dei prezzi del petrolio, e in parte del gas nel rapporto con la Russia. Credo che tutti questi elementi rendano purtroppo assai difficile fare le valutazioni "a decimali", che invece eravamo abituati a fare con le normali Note di aggiornamento, in una struttura di economia ferma e stabile e, quindi, con una situazione abbastanza prevedibile. Colleghi, ci troviamo in questo momento in una situazione in cui, da un lato, se vogliamo accedere al recovery fund come vogliamo - personalmente voglio anche accedere al MES - rispetto alla Nota di aggiornamento la parte salute dovremo gestirla e finanziarla obbligatoriamente con il MES e, dall'altro, abbiamo un elenco di vincoli che l'Unione europea ci impone. Questo elenco contiene una serie di riforme che dobbiamo assolutamente portare a termine, tra l'altro con urgenza, e lo possiamo fare immediatamente e il Governo su questo è carente. Queste riforme riguardano il sistema dell'istruzione, il sistema della giustizia, il sistema fiscale e tutta una serie di azioni propedeutiche all'utilizzo della grande disponibilità di fondi che potremmo ricevere. Vorrei anche fare una raccomandazione. I fondi dell'Unione europea si dividono in sovvenzioni e finanziamenti: credo che debba essere fatto un grande sforzo da parte del nostro Paese per utilizzare prioritariamente la parte relativa alle sovvenzioni con un'azione diretta che abbia conseguenze sul Paese. Un'eventuale azione delle sovvenzioni sostitutiva del debito la considero ininfluente, sulla base di un elemento: aggiungiamo 300 miliardi di euro e facciamo 290? Dei 2.500 miliardi di euro che diventano 2.800 miliardi, alla fine discutiamo tra 2.790 o 2.800? Non è questa una scelta. Le disponibilità di sovvenzioni, nel momento in cui scattano, non sono di competenza ma immediate, perché la Commissione paga - per capirci - nel giro di quaranta al massimo sessanta giorni, quindi in questo caso possono avere veramente un effetto se c'è la condizione e la capacità di un Governo - che l'Esecutivo attuale in questo momento non ha dimostrato - di agire. Comunque abbiamo un altro indicatore, che leggo numericamente positivo ma che dobbiamo leggere attentamente anche politicamente: abbiamo collocato dei BTP triennali a meno di zero e la collocazione BTP triennali a meno di zero significa che non c'è inflazione, che non si cresce, che non c'è pressione della domanda rispetto all'offerta e questo non è un bel segnale quando si parla di ripresa e di espansione. Da parte nostra ribadisco la più completa collaborazione come contributo di idee, ma naturalmente vorremmo una conseguente apertura da parte del Governo.
2020-10-14	M5S	MarilottiGianni	Nonostante le misure straordinarie di politica fiscale e monetaria per sostenere i redditi dei lavoratori e il tessuto produttivo, adottate dai Governi e dalle banche centrali, il blocco produttivo ha determinato una contrazione del PIL e del commercio mondiale a livelli record e lo scenario globale appare orientato ancora al ribasso, in ragione del fatto che all'evoluzione dell'epidemia nel mondo - che in molti Paesi continua a manifestarsi con particolare intensità - si affiancano rischi connessi a tensioni geopolitiche preesistenti all'epidemia e acuitesi di recente: dai rapporti commerciali tesi tra Stati Uniti e Cina, alle difficoltà del processo di negoziazione della Brexit, fino all'emergere di nuove complicazioni nei rapporti fra Turchia e Russia. Come molti interventi in quest'Aula tra ieri e oggi hanno messo in evidenza, la geopolitica del Mediterraneo è completamente mutata. Al posto della cooperazione bilaterale, multilaterale e decentralizzata, assistiamo all' escalation delle guerre per procura, che rendono particolarmente fragili gli equilibri faticosamente costruiti nel ventennio precedente. La politica estera del nostro Paese non può ridursi alle pur giuste misure a favore del made in Italy attraverso il rifinanziamento del fondo rotativo per l'internazionalizzazione di enti fieristici e delle start-up innovative. Occorre rilanciare la dimensione mediterranea dell'Unione europea e il suo ruolo attivo per la pace e la promozione dei diritti umani.
2020-10-15	M5S	FerraraGianluca	L'interscambio commerciale tra i due Paesi rimane una direttrice fondamentale su cui improntare i rapporti bilaterali con Mosca. Pur avendo registrato un calo degli scambi nel primo semestre del 2020, anche dovuto all'emergenza Covid, l'Italia si conferma quinto fornitore della Federazione Russa. Purtroppo, le sanzioni scaturite dalla crisi ucraina continuano a rappresentare un ostacolo importante per le nostre aziende che esportavano in Russia. La sua missione, Ministro, ha avuto luogo in una congiuntura particolarmente delicata, in particolare alla luce del caso Navalny, della crisi in Bielorussia e della precaria situazione in Nagorno-Karabakh. Il tentato avvelenamento di Navalny ha colpito l'opinione pubblica italiana ed europea, che chiede di far luce su questa grave violazione dei diritti umani e del diritto internazionale. Pertanto le chiedo quali sono i messaggi che lei ha trasmesso ai suoi interlocutori russi in relazione al dossier di primario interesse per l'Italia sotto il profilo dei diritti umani, qual è il caso Navalny, in particolare circa l'auspicato impegno delle autorità di Mosca per l'accertamento della verità e la crisi in Bielorussia, che desta crescente preoccupazione; e infine quali sono altri contenuti rilevanti affrontati nel corso della sua visita a Mosca.
2020-10-15	M5S	FerraraGianluca	La ringrazio, Ministro, per la sua risposta puntuale e per il suo impegno internazionale a favore della difesa dei diritti umani e dello spirito democratico, nel pretendere da Mosca un'inchiesta approfondita sul caso Navalny, così come un deciso intervento per risolvere la crisi bielorussa. Sono certo che l'Italia manterrà con la Russia un approccio dialogante e collaborativo nel nome della relazione speciale che lega i nostri due Paesi e del ruolo che l'Italia gioca nel nuovo mondo multipolare.
